Model,RMSE,MAE,R²
LinearRegression_20251017_185006,0.3871505718408475,0.3194253216345956,-1.1645004574391988
RandomForest_20251017_185006,0.38693693737047075,0.3191990690920547,-1.1621123203154236
XGBoost_20251017_185009,0.38732593309783986,0.3195699758201799,-1.1664617382032603
