,RMSE,MAE,R2
LinearRegression,0.3303567096796465,0.31339682898914684,-9.047372420406129
RandomForest,0.3304045462776704,0.31325090268486305,-9.05028240770193
XGBoost,0.3305151387152392,0.31335431204233566,-9.05701155994546
